{
    "nodes": [
        {
            "label": "E0",
            "occurrence": 0.0559006,
            "avg_length": 1.33333,
            "type": "e",
            "sheet_id": 1,
            "stdev3d": 2.675,
            "cdf": [
                [
                    0,
                    0.9440993788819876
                ],
                [
                    1,
                    0.9813664596273292
                ],
                [
                    2,
                    1.0
                ]
            ]
        },
        {
            "label": "E1",
            "occurrence": 0.913043,
            "avg_length": 3.70068,
            "type": "e",
            "sheet_id": 1,
            "stdev3d": 4.02,
            "cdf": [
                [
                    0,
                    0.08695652173913043
                ],
                [
                    1,
                    0.10559006211180125
                ],
                [
                    2,
                    0.2670807453416149
                ],
                [
                    3,
                    0.5031055900621118
                ],
                [
                    4,
                    0.7701863354037267
                ],
                [
                    5,
                    0.8881987577639752
                ],
                [
                    6,
                    1.0
                ]
            ]
        },
        {
            "label": "E2",
            "occurrence": 0.0248447,
            "avg_length": 2.25,
            "type": "e",
            "sheet_id": 1,
            "stdev3d": 1.841,
            "cdf": [
                [
                    0,
                    0.9751552795031055
                ],
                [
                    2,
                    0.9937888198757764
                ],
                [
                    3,
                    1.0
                ]
            ]
        },
        {
            "label": "E3",
            "occurrence": 0.993789,
            "avg_length": 4.85625,
            "type": "e",
            "sheet_id": 1,
            "stdev3d": 3.926,
            "cdf": [
                [
                    0,
                    0.006211180124223602
                ],
                [
                    1,
                    0.043478260869565216
                ],
                [
                    2,
                    0.11180124223602485
                ],
                [
                    3,
                    0.14285714285714285
                ],
                [
                    4,
                    0.2857142857142857
                ],
                [
                    5,
                    0.5838509316770186
                ],
                [
                    6,
                    1.0
                ]
            ]
        },
        {
            "label": "E4",
            "occurrence": 0.919255,
            "avg_length": 6.7027,
            "type": "e",
            "sheet_id": 1,
            "stdev3d": 7.416,
            "cdf": [
                [
                    0,
                    0.08074534161490683
                ],
                [
                    1,
                    0.12422360248447205
                ],
                [
                    2,
                    0.14285714285714285
                ],
                [
                    4,
                    0.2919254658385093
                ],
                [
                    5,
                    0.5031055900621118
                ],
                [
                    6,
                    0.5217391304347826
                ],
                [
                    8,
                    0.5714285714285714
                ],
                [
                    9,
                    0.937888198757764
                ],
                [
                    10,
                    1.0
                ]
            ]
        },
        {
            "label": "E5",
            "occurrence": 0.0372671,
            "avg_length": 2.0,
            "type": "e",
            "sheet_id": 2,
            "stdev3d": 3.602,
            "cdf": [
                [
                    0,
                    0.9627329192546584
                ],
                [
                    1,
                    0.9813664596273292
                ],
                [
                    3,
                    1.0
                ]
            ]
        },
        {
            "label": "X6",
            "occurrence": 0.0,
            "avg_length": 0.0,
            "type": "h",
            "sheet_id": 0,
            "stdev3d": 0.0,
            "cdf": [
                [
                    0,
                    1.0
                ]
            ]
        },
        {
            "label": "E7",
            "occurrence": 0.484472,
            "avg_length": 3.25641,
            "type": "e",
            "sheet_id": 1,
            "stdev3d": 3.526,
            "cdf": [
                [
                    0,
                    0.515527950310559
                ],
                [
                    1,
                    0.5341614906832298
                ],
                [
                    2,
                    0.6459627329192547
                ],
                [
                    3,
                    0.8012422360248447
                ],
                [
                    4,
                    0.9316770186335404
                ],
                [
                    5,
                    0.9937888198757764
                ],
                [
                    6,
                    1.0
                ]
            ]
        },
        {
            "label": "H8",
            "occurrence": 0.10559,
            "avg_length": 3.29412,
            "type": "h",
            "sheet_id": 0,
            "stdev3d": 7.725,
            "cdf": [
                [
                    0,
                    0.8944099378881988
                ],
                [
                    3,
                    0.968944099378882
                ],
                [
                    4,
                    1.0
                ]
            ]
        },
        {
            "label": "E9",
            "occurrence": 0.925466,
            "avg_length": 2.69128,
            "type": "e",
            "sheet_id": 1,
            "stdev3d": 2.666,
            "cdf": [
                [
                    0,
                    0.07453416149068323
                ],
                [
                    1,
                    0.18012422360248448
                ],
                [
                    2,
                    0.2919254658385093
                ],
                [
                    3,
                    0.9627329192546584
                ],
                [
                    4,
                    1.0
                ]
            ]
        },
        {
            "label": "E10",
            "occurrence": 0.0869565,
            "avg_length": 1.42857,
            "type": "e",
            "sheet_id": 1,
            "stdev3d": 2.067,
            "cdf": [
                [
                    0,
                    0.9130434782608695
                ],
                [
                    1,
                    0.9813664596273292
                ],
                [
                    3,
                    1.0
                ]
            ]
        },
        {
            "label": "E11",
            "occurrence": 0.925466,
            "avg_length": 4.75168,
            "type": "e",
            "sheet_id": 1,
            "stdev3d": 2.942,