{
    "nodes": [
        {
            "label": "H0",
            "occurrence": 0.047619,
            "avg_length": 4.33333,
            "type": "h",
            "sheet_id": 0,
            "stdev3d": 6.142,
            "cdf": [
                [
                    0,
                    0.9523809523809523
                ],
                [
                    4,
                    0.9841269841269841
                ],
                [
                    5,
                    1.0
                ]
            ]
        },
        {
            "label": "H1",
            "occurrence": 0.031746,
            "avg_length": 3.0,
            "type": "h",
            "sheet_id": 0,
            "stdev3d": 10.702,
            "cdf": [
                [
                    0,
                    0.9682539682539683
                ],
                [
                    3,
                    1.0
                ]
            ]
        },
        {
            "label": "H2",
            "occurrence": 1.0,
            "avg_length": 16.2063,
            "type": "h",
            "sheet_id": 0,
            "stdev3d": 4.171,
            "cdf": [
                [
                    9,
                    0.031746031746031744
                ],
                [
                    10,
                    0.047619047619047616
                ],
                [
                    12,
                    0.1111111111111111
                ],
                [
                    13,
                    0.12698412698412698
                ],
                [
                    15,
                    0.14285714285714285
                ],
                [
                    16,
                    0.19047619047619047
                ],
                [
                    17,
                    0.9682539682539683
                ],
                [
                    18,
                    1.0
                ]
            ]
        },
        {
            "label": "H3",
            "occurrence": 0.238095,
            "avg_length": 4.0,
            "type": "h",
            "sheet_id": 0,
            "stdev3d": 6.021,
            "cdf": [
                [
                    0,
                    0.7619047619047619
                ],
                [
                    3,
                    0.9365079365079365
                ],
                [
                    5,
                    0.9523809523809523
                ],
                [
                    6,
                    0.9682539682539683
                ],
                [
                    8,
                    1.0
                ]
            ]
        },
        {
            "label": "H4",
            "occurrence": 1.0,
            "avg_length": 14.2222,
            "type": "h",
            "sheet_id": 0,
            "stdev3d": 3.764,
            "cdf": [
                [
                    12,
                    0.031746031746031744
                ],
                [
                    13,
                    0.047619047619047616
                ],
                [
                    14,
                    0.8095238095238095
                ],
                [
                    15,
                    0.9841269841269841
                ],
                [
                    22,
                    1.0
                ]
            ]
        },
        {
            "label": "H5",
            "occurrence": 0.047619,
            "avg_length": 6.66667,
            "type": "h",
            "sheet_id": 0,
            "stdev3d": 8.314,
            "cdf": [
                [
                    0,
                    0.9523809523809523
                ],
                [
                    4,
                    0.9841269841269841
                ],
                [
                    12,
                    1.0
                ]
            ]
        },
        {
            "label": "H6",
            "occurrence": 0.968254,
            "avg_length": 24.3279,
            "type": "h",
            "sheet_id": 0,
            "stdev3d": 6.631,
            "cdf": [
                [
                    0,
                    0.031746031746031744
                ],
                [
                    14,
                    0.047619047619047616
                ],
                [
                    18,
                    0.09523809523809523
                ],
                [
                    20,
                    0.1111111111111111
                ],
                [
                    21,
                    0.12698412698412698
                ],
                [
                    22,
                    0.3968253968253968
                ],
                [
                    23,
                    0.4444444444444444
                ],
                [
                    24,
                    0.5396825396825397
                ],
                [
                    25,
                    0.6507936507936508
                ],
                [
                    26,
                    0.7142857142857143
                ],
                [
                    27,
                    0.8095238095238095
                ],
                [
                    28,
                    0.9047619047619048
                ],
                [
                    29,
                    0.9682539682539683
                ],
                [
                    31,
                    0.9841269841269841
                ],
                [
                    32,
                    1.0
                ]
            ]
        },
        {
            "label": "H7",
            "occurrence": 0.15873,
            "avg_length": 6.0,
            "type": "h",
            "sheet_id": 0,
            "stdev3d": 13.965,
            "cdf": [
                [
                    0,
                    0.8412698412698413
                ],
                [
                    3,
                    0.9206349206349206
                ],
                [
                    4,
                    0.9365079365079365
                ],
                [
                    5,
                    0.9523809523809523
                ],
                [
                    8,
                    0.9682539682539683
                ],
                [
                    14,
                    1.0
                ]
            ]
        }
    ],
    "precedence": [
        [
            0,
            1
        ],
        [
            1,
            2
        ],
        [
            2,
            3
        ],
        [
            3,
            4
        ],
        [
            4,
            5
        ],
        [
            5,
            6
        ],
        [
            6,
            7
        ]
    ],
    "beta_connectivity": []
}